initial_test_tool,initial_test_generation_time,project,bug_id,test_id,boosting_time,coverage
DS,1200,Cli,1,0,1200,87.5
DS,1200,Cli,1,1,1200,87.5
DS,1200,Cli,1,2,1200,87.5
DS,1200,Cli,1,3,1200,87.5
DS,1200,Cli,1,4,1200,87.5
DS,1200,Cli,2,0,1200,78.57
DS,1200,Cli,2,1,1200,78.57
DS,1200,Cli,2,2,1200,78.57
DS,1200,Cli,2,3,1200,78.57
DS,1200,Cli,2,4,1200,78.57
DS,1200,Cli,4,0,1200,90.0
DS,1200,Cli,4,1,1200,90.0
DS,1200,Cli,4,2,1200,90.0
DS,1200,Cli,4,3,1200,90.0
DS,1200,Cli,4,4,1200,90.0
DS,1200,Cli,5,0,1200,90.0
DS,1200,Cli,5,1,1200,90.0
DS,1200,Cli,5,2,1200,90.0
DS,1200,Cli,5,3,1200,90.0
DS,1200,Cli,5,4,1200,90.0
DS,1200,Cli,8,1,1200,70.19
DS,1200,Cli,8,2,1200,70.19
DS,1200,Cli,8,3,1200,70.19
DS,1200,Cli,8,4,1200,70.19
DS,1200,Cli,9,0,1200,90.0
DS,1200,Cli,9,1,1200,90.0
DS,1200,Cli,9,2,1200,90.0
DS,1200,Cli,9,3,1200,90.0
DS,1200,Cli,9,4,1200,90.0
DS,1200,Cli,10,0,1200,91.43
DS,1200,Cli,10,1,1200,91.43
DS,1200,Cli,10,2,1200,91.43
DS,1200,Cli,10,3,1200,91.43
DS,1200,Cli,10,4,1200,91.43
DS,1200,Cli,11,0,1200,80.19
DS,1200,Cli,11,1,1200,83.02
DS,1200,Cli,11,2,1200,68.87
DS,1200,Cli,11,3,1200,83.02
DS,1200,Cli,11,4,1200,82.08
DS,1200,Cli,12,0,1200,85.0
DS,1200,Cli,12,1,1200,95.0
DS,1200,Cli,12,2,1200,95.0
DS,1200,Cli,12,3,1200,95.0
DS,1200,Cli,12,4,1200,95.0
DS,1200,Cli,13,0,1200,78.81
DS,1200,Cli,13,1,1200,78.81
DS,1200,Cli,13,2,1200,78.81
DS,1200,Cli,13,3,1200,78.81
DS,1200,Cli,13,4,1200,78.81
DS,1200,Cli,14,0,1200,85.16
DS,1200,Cli,14,1,1200,85.16
DS,1200,Cli,14,2,1200,85.16
DS,1200,Cli,14,3,1200,85.16
DS,1200,Cli,14,4,1200,85.94
DS,1200,Cli,15,0,1200,81.48
DS,1200,Cli,15,1,1200,79.63
DS,1200,Cli,15,2,1200,83.33
DS,1200,Cli,15,3,1200,79.63
DS,1200,Cli,15,4,1200,83.33
DS,1200,Cli,16,0,1200,85.14
DS,1200,Cli,16,1,1200,85.14
DS,1200,Cli,16,2,1200,85.14
DS,1200,Cli,16,3,1200,85.14
DS,1200,Cli,16,4,1200,85.14
DS,1200,Cli,17,0,1200,83.33
DS,1200,Cli,17,1,1200,78.57
DS,1200,Cli,17,2,1200,83.33
DS,1200,Cli,17,3,1200,83.33
DS,1200,Cli,17,4,1200,83.33
DS,1200,Cli,18,0,1200,83.33
DS,1200,Cli,18,1,1200,83.33
DS,1200,Cli,18,2,1200,85.71
DS,1200,Cli,18,3,1200,85.71
DS,1200,Cli,18,4,1200,85.71
DS,1200,Cli,19,0,1200,88.1
DS,1200,Cli,19,1,1200,80.95
DS,1200,Cli,19,2,1200,88.1
DS,1200,Cli,19,3,1200,88.1
DS,1200,Cli,19,4,1200,88.1
DS,1200,Cli,20,0,1200,87.5
DS,1200,Cli,20,1,1200,89.58
DS,1200,Cli,20,2,1200,89.58
DS,1200,Cli,20,3,1200,87.5
DS,1200,Cli,20,4,1200,89.58
DS,1200,Cli,21,0,1200,87.76
DS,1200,Cli,21,1,1200,87.76
DS,1200,Cli,21,2,1200,88.27
DS,1200,Cli,21,3,1200,88.78
DS,1200,Cli,21,4,1200,87.76
DS,1200,Cli,22,0,1200,100.0
DS,1200,Cli,22,1,1200,97.73
DS,1200,Cli,22,2,1200,100.0
DS,1200,Cli,22,3,1200,100.0
DS,1200,Cli,22,4,1200,100.0
DS,1200,Cli,23,0,1200,85.45
DS,1200,Cli,23,1,1200,63.64
DS,1200,Cli,23,2,1200,90.0
DS,1200,Cli,23,3,1200,90.0
DS,1200,Cli,23,4,1200,89.09
DS,1200,Cli,24,0,1200,85.71
DS,1200,Cli,24,1,1200,88.39
DS,1200,Cli,24,2,1200,90.18
DS,1200,Cli,24,3,1200,90.18
DS,1200,Cli,24,4,1200,89.29
DS,1200,Cli,25,0,1200,69.64
DS,1200,Cli,25,1,1200,69.64
DS,1200,Cli,25,2,1200,90.18
DS,1200,Cli,25,3,1200,90.18
DS,1200,Cli,25,4,1200,89.29
DS,1200,Cli,26,0,1200,100.0
DS,1200,Cli,26,1,1200,100.0
DS,1200,Cli,26,2,1200,100.0
DS,1200,Cli,26,3,1200,100.0
DS,1200,Cli,26,4,1200,100.0
DS,1200,Cli,27,0,1200,91.67
DS,1200,Cli,27,1,1200,91.67
DS,1200,Cli,27,2,1200,91.67
DS,1200,Cli,27,3,1200,91.67
DS,1200,Cli,27,4,1200,91.67
DS,1200,Cli,28,0,1200,75.0
DS,1200,Cli,28,1,1200,75.0
DS,1200,Cli,28,2,1200,75.0
DS,1200,Cli,28,3,1200,85.29
DS,1200,Cli,28,4,1200,75.0
DS,1200,Cli,29,0,1200,85.71
DS,1200,Cli,29,1,1200,85.71
DS,1200,Cli,29,2,1200,85.71
DS,1200,Cli,29,3,1200,85.71
DS,1200,Cli,29,4,1200,85.71
DS,1200,Cli,30,0,1200,22.65
DS,1200,Cli,30,1,1200,22.65
DS,1200,Cli,30,2,1200,22.65
DS,1200,Cli,30,3,1200,24.79
DS,1200,Cli,30,4,1200,22.65
DS,1200,Cli,31,0,1200,83.02
DS,1200,Cli,31,1,1200,83.02
DS,1200,Cli,31,2,1200,83.02
DS,1200,Cli,31,3,1200,83.49
DS,1200,Cli,31,4,1200,83.02
DS,1200,Cli,32,0,1200,90.35
DS,1200,Cli,32,1,1200,60.53
DS,1200,Cli,32,2,1200,60.53
DS,1200,Cli,32,3,1200,90.35
DS,1200,Cli,32,4,1200,90.35
DS,1200,Cli,33,0,1200,92.37
DS,1200,Cli,33,1,1200,62.71
DS,1200,Cli,33,2,1200,62.71
DS,1200,Cli,33,3,1200,65.25
DS,1200,Cli,33,4,1200,92.37
DS,1200,Cli,34,0,1200,72.83
DS,1200,Cli,34,1,1200,72.83
DS,1200,Cli,34,2,1200,72.83
DS,1200,Cli,34,3,1200,76.09
DS,1200,Cli,34,4,1200,75.0
DS,1200,Cli,35,0,1200,100.0
DS,1200,Cli,35,1,1200,100.0
DS,1200,Cli,35,2,1200,100.0
DS,1200,Cli,35,3,1200,100.0
DS,1200,Cli,35,4,1200,100.0
DS,1200,Cli,36,0,1200,97.22
DS,1200,Cli,36,1,1200,97.22
DS,1200,Cli,36,2,1200,97.22
DS,1200,Cli,36,3,1200,94.44
DS,1200,Cli,36,4,1200,97.22
DS,1200,Cli,37,0,1200,38.61
DS,1200,Cli,37,1,1200,36.71
DS,1200,Cli,37,2,1200,40.51
DS,1200,Cli,37,3,1200,39.87
DS,1200,Cli,37,4,1200,40.51
DS,1200,Cli,38,0,1200,48.78
DS,1200,Cli,38,1,1200,54.27
DS,1200,Cli,38,2,1200,54.27
DS,1200,Cli,38,3,1200,34.76
DS,1200,Cli,38,4,1200,34.76
DS,1200,Cli,39,0,1200,85.0
DS,1200,Cli,39,1,1200,75.0
DS,1200,Cli,39,2,1200,80.0
DS,1200,Cli,39,3,1200,90.0
DS,1200,Cli,39,4,1200,90.0
DS,1200,Cli,40,0,1200,95.0
DS,1200,Cli,40,1,1200,85.0
DS,1200,Cli,40,2,1200,95.0
DS,1200,Cli,40,3,1200,95.0
DS,1200,Cli,40,4,1200,95.0
DS,1200,Codec,1,0,1200,3.8
DS,1200,Codec,1,1,1200,3.8
DS,1200,Codec,1,2,1200,3.8
DS,1200,Codec,1,3,1200,3.8
DS,1200,Codec,1,4,1200,3.8
DS,1200,Codec,2,0,1200,86.49
DS,1200,Codec,2,1,1200,86.49
DS,1200,Codec,2,2,1200,86.49
DS,1200,Codec,2,3,1200,86.49
DS,1200,Codec,2,4,1200,86.49
DS,1200,Codec,3,0,1200,86.44
DS,1200,Codec,3,1,1200,86.44
DS,1200,Codec,3,2,1200,86.44
DS,1200,Codec,3,3,1200,86.44
DS,1200,Codec,3,4,1200,86.44
DS,1200,Codec,4,0,1200,96.84
DS,1200,Codec,4,1,1200,96.84
DS,1200,Codec,4,2,1200,96.84
DS,1200,Codec,4,3,1200,96.84
DS,1200,Codec,4,4,1200,96.84
DS,1200,Codec,5,0,1200,95.68
DS,1200,Codec,5,1,1200,95.68
DS,1200,Codec,5,2,1200,95.68
DS,1200,Codec,5,3,1200,95.68
DS,1200,Codec,5,4,1200,95.68
DS,1200,Codec,6,0,1200,96.67
DS,1200,Codec,6,1,1200,96.67
DS,1200,Codec,6,2,1200,96.67
DS,1200,Codec,6,3,1200,96.67
DS,1200,Codec,6,4,1200,96.67
DS,1200,Codec,7,0,1200,95.06
DS,1200,Codec,7,1,1200,95.06
DS,1200,Codec,7,2,1200,95.06
DS,1200,Codec,7,3,1200,95.06
DS,1200,Codec,7,4,1200,95.06
DS,1200,Codec,8,0,1200,93.82
DS,1200,Codec,8,1,1200,95.51
DS,1200,Codec,8,2,1200,95.51
DS,1200,Codec,8,3,1200,94.94
DS,1200,Codec,8,4,1200,94.94
DS,1200,Codec,9,0,1200,93.51
DS,1200,Codec,9,1,1200,91.56
DS,1200,Codec,9,2,1200,93.51
DS,1200,Codec,9,3,1200,93.51
DS,1200,Codec,9,4,1200,93.51
DS,1200,Codec,10,0,1200,0.0
DS,1200,Codec,10,1,1200,0.0
DS,1200,Codec,10,2,1200,0.0
DS,1200,Codec,10,3,1200,0.0
DS,1200,Codec,10,4,1200,0.0
DS,1200,Codec,11,0,1200,85.71
DS,1200,Codec,11,1,1200,74.29
DS,1200,Codec,11,2,1200,82.86
DS,1200,Codec,11,3,1200,85.71
DS,1200,Codec,11,4,1200,84.29
DS,1200,Codec,12,0,1200,55.56
DS,1200,Codec,12,1,1200,75.0
DS,1200,Codec,12,2,1200,77.78
DS,1200,Codec,12,3,1200,75.0
DS,1200,Codec,12,4,1200,75.0
DS,1200,Codec,17,0,1200,40.0
DS,1200,Codec,17,1,1200,75.0
DS,1200,Codec,17,2,1200,40.0
DS,1200,Codec,17,3,1200,40.0
DS,1200,Codec,17,4,1200,40.0
DS,1200,Codec,18,0,1200,70.83
DS,1200,Codec,18,1,1200,70.83
DS,1200,Codec,18,2,1200,70.83
DS,1200,Codec,18,3,1200,70.83
DS,1200,Codec,18,4,1200,70.83
EA,1200,Compress,1,0,1200,86.44
EA,1200,Compress,1,1,1200,86.44
EA,1200,Compress,1,2,1200,86.44
EA,1200,Compress,1,3,1200,76.27
EA,1200,Compress,1,4,1200,86.44
EA,1200,Compress,2,0,1200,76.79
EA,1200,Compress,2,1,1200,76.79
EA,1200,Compress,2,2,1200,80.36
EA,1200,Compress,2,3,1200,76.79
EA,1200,Compress,2,4,1200,75.0
EA,1200,Compress,3,0,1200,96.67
EA,1200,Compress,3,1,1200,96.67
EA,1200,Compress,3,2,1200,96.67
EA,1200,Compress,3,3,1200,93.33
EA,1200,Compress,3,4,1200,90.0
EA,1200,Compress,4,0,1200,47.83
EA,1200,Compress,4,1,1200,49.41
EA,1200,Compress,4,2,1200,49.8
EA,1200,Compress,4,3,1200,65.61
EA,1200,Compress,4,4,1200,49.8
EA,1200,Compress,5,0,1200,69.79
EA,1200,Compress,5,1,1200,69.79
EA,1200,Compress,5,2,1200,69.79
EA,1200,Compress,5,3,1200,69.79
EA,1200,Compress,5,4,1200,69.79
EA,1200,Compress,6,0,1200,71.67
EA,1200,Compress,6,1,1200,71.67
EA,1200,Compress,6,2,1200,71.67
EA,1200,Compress,6,3,1200,71.67
EA,1200,Compress,6,4,1200,71.67
EA,1200,Compress,7,0,1200,100.0
EA,1200,Compress,7,1,1200,100.0
EA,1200,Compress,7,2,1200,100.0
EA,1200,Compress,7,3,1200,100.0
EA,1200,Compress,7,4,1200,100.0
EA,1200,Compress,8,0,1200,95.83
EA,1200,Compress,8,1,1200,100.0
EA,1200,Compress,8,2,1200,97.92
EA,1200,Compress,8,3,1200,97.92
EA,1200,Compress,8,4,1200,97.92
EA,1200,Compress,9,0,1200,71.43
EA,1200,Compress,9,1,1200,71.43
EA,1200,Compress,9,2,1200,71.43
EA,1200,Compress,9,3,1200,71.43
EA,1200,Compress,9,4,1200,71.43
EA,1200,Compress,10,0,1200,61.95
EA,1200,Compress,10,1,1200,61.95
EA,1200,Compress,10,2,1200,61.95
EA,1200,Compress,10,3,1200,61.95
EA,1200,Compress,10,4,1200,61.95
EA,1200,Compress,11,0,1200,83.33
EA,1200,Compress,11,1,1200,83.33
EA,1200,Compress,11,2,1200,83.33
EA,1200,Compress,11,3,1200,83.33
EA,1200,Compress,11,4,1200,83.33
EA,1200,Compress,12,0,1200,54.55
EA,1200,Compress,12,1,1200,54.55
EA,1200,Compress,12,2,1200,54.55
EA,1200,Compress,12,3,1200,54.55
EA,1200,Compress,12,4,1200,54.55
EA,1200,Compress,13,0,1200,60.91
EA,1200,Compress,13,1,1200,60.91
EA,1200,Compress,13,2,1200,60.91
EA,1200,Compress,13,3,1200,60.91
EA,1200,Compress,13,4,1200,60.91
EA,1200,Compress,14,0,1200,91.94
EA,1200,Compress,14,1,1200,91.94
EA,1200,Compress,14,2,1200,91.94
EA,1200,Compress,14,3,1200,91.94
EA,1200,Compress,14,4,1200,91.94
EA,1200,Compress,15,0,1200,61.82
EA,1200,Compress,15,1,1200,61.82
EA,1200,Compress,15,2,1200,61.82
EA,1200,Compress,15,3,1200,61.82
EA,1200,Compress,15,4,1200,61.82
EA,1200,Compress,16,0,1200,84.0
EA,1200,Compress,16,1,1200,84.0
EA,1200,Compress,16,2,1200,84.0
EA,1200,Compress,16,3,1200,84.0
EA,1200,Compress,16,4,1200,84.0
EA,1200,Compress,17,0,1200,87.29
EA,1200,Compress,17,1,1200,87.29
EA,1200,Compress,17,2,1200,87.29
EA,1200,Compress,17,3,1200,87.29
EA,1200,Compress,17,4,1200,87.29
EA,1200,Compress,18,0,1200,83.72
EA,1200,Compress,18,1,1200,83.72
EA,1200,Compress,18,2,1200,83.72
EA,1200,Compress,18,3,1200,83.72
EA,1200,Compress,18,4,1200,83.72
EA,1200,Compress,19,0,1200,85.0
EA,1200,Compress,19,1,1200,85.0
EA,1200,Compress,19,2,1200,85.0
EA,1200,Compress,19,3,1200,85.0
EA,1200,Compress,19,4,1200,85.0
EA,1200,Compress,20,0,1200,21.93
EA,1200,Compress,20,1,1200,21.93
EA,1200,Compress,20,2,1200,21.93
EA,1200,Compress,20,3,1200,21.93
EA,1200,Compress,20,4,1200,21.93
EA,1200,Compress,21,0,1200,90.3
EA,1200,Compress,21,1,1200,90.3
EA,1200,Compress,21,2,1200,90.3
EA,1200,Compress,21,3,1200,90.3
EA,1200,Compress,21,4,1200,90.3
EA,1200,Compress,22,0,1200,0.0
EA,1200,Compress,22,1,1200,0.0
EA,1200,Compress,22,2,1200,0.0
EA,1200,Compress,22,3,1200,0.0
EA,1200,Compress,22,4,1200,0.0
EA,1200,Compress,24,0,1200,87.07
EA,1200,Compress,24,1,1200,87.07
EA,1200,Compress,24,2,1200,87.07
EA,1200,Compress,24,3,1200,87.07
EA,1200,Compress,24,4,1200,87.07
EA,1200,Compress,25,0,1200,17.86
EA,1200,Compress,25,1,1200,17.86
EA,1200,Compress,25,2,1200,17.86
EA,1200,Compress,25,3,1200,17.86
EA,1200,Compress,25,4,1200,17.86
EA,1200,Compress,26,0,1200,79.17
EA,1200,Compress,26,1,1200,91.67
EA,1200,Compress,26,2,1200,79.17
EA,1200,Compress,26,3,1200,79.17
EA,1200,Compress,26,4,1200,91.67
EA,1200,Compress,27,0,1200,85.09
EA,1200,Compress,27,1,1200,85.09
EA,1200,Compress,27,2,1200,85.09
EA,1200,Compress,27,3,1200,85.09
EA,1200,Compress,27,4,1200,85.09
EA,1200,Compress,28,0,1200,49.19
EA,1200,Compress,28,1,1200,49.19
EA,1200,Compress,28,2,1200,49.19
EA,1200,Compress,28,3,1200,66.94
EA,1200,Compress,28,4,1200,49.19
EA,1200,Compress,29,0,1200,34.87
EA,1200,Compress,29,1,1200,34.87
EA,1200,Compress,29,2,1200,34.87
EA,1200,Compress,29,3,1200,34.87
EA,1200,Compress,29,4,1200,34.87
EA,1200,Compress,30,0,1200,0.0
EA,1200,Compress,30,1,1200,0.0
EA,1200,Compress,30,2,1200,0.0
EA,1200,Compress,30,3,1200,0.0
EA,1200,Compress,30,4,1200,0.0
EA,1200,Compress,31,0,1200,84.21
EA,1200,Compress,31,1,1200,84.21
EA,1200,Compress,31,2,1200,84.21
EA,1200,Compress,31,3,1200,84.21
EA,1200,Compress,31,4,1200,84.21
EA,1200,Compress,32,0,1200,0.0
EA,1200,Compress,32,1,1200,0.0
EA,1200,Compress,32,2,1200,0.0
EA,1200,Compress,32,3,1200,0.0
EA,1200,Compress,32,4,1200,0.0
EA,1200,Compress,33,0,1200,2.56
EA,1200,Compress,33,1,1200,2.56
EA,1200,Compress,33,2,1200,2.56
EA,1200,Compress,33,3,1200,2.56
EA,1200,Compress,33,4,1200,2.56
EA,1200,Compress,34,0,1200,85.71
EA,1200,Compress,34,1,1200,85.71
EA,1200,Compress,34,2,1200,85.71
EA,1200,Compress,34,3,1200,85.71
EA,1200,Compress,34,4,1200,85.71
EA,1200,Compress,35,0,1200,87.5
EA,1200,Compress,35,1,1200,87.5
EA,1200,Compress,35,2,1200,87.5
EA,1200,Compress,35,3,1200,87.5
EA,1200,Compress,35,4,1200,87.5
EA,1200,Compress,36,0,1200,0.0
EA,1200,Compress,36,1,1200,0.0
EA,1200,Compress,36,2,1200,0.0
EA,1200,Compress,36,3,1200,60.98
EA,1200,Compress,36,4,1200,0.0
EA,1200,Compress,37,0,1200,0.0
EA,1200,Compress,37,1,1200,0.0
EA,1200,Compress,37,2,1200,0.0
EA,1200,Compress,37,3,1200,0.0
EA,1200,Compress,37,4,1200,0.0
EA,1200,Compress,38,0,1200,47.62
EA,1200,Compress,38,1,1200,47.62
EA,1200,Compress,38,2,1200,47.62
EA,1200,Compress,38,3,1200,47.62
EA,1200,Compress,38,4,1200,47.62
EA,1200,Compress,39,0,1200,47.62
EA,1200,Compress,39,1,1200,47.62
EA,1200,Compress,39,2,1200,47.62
EA,1200,Compress,39,3,1200,47.62
EA,1200,Compress,39,4,1200,47.62
EA,1200,Compress,40,0,1200,68.18
EA,1200,Compress,40,1,1200,68.18
EA,1200,Compress,40,2,1200,68.18
EA,1200,Compress,40,3,1200,68.18
EA,1200,Compress,40,4,1200,68.18
EA,1200,Compress,41,0,1200,18.08
EA,1200,Compress,41,1,1200,0.0
EA,1200,Compress,41,2,1200,1.92
EA,1200,Compress,41,3,1200,1.92
EA,1200,Compress,41,4,1200,0.0
EA,1200,Compress,42,0,1200,67.42
EA,1200,Compress,42,1,1200,67.42
EA,1200,Compress,42,2,1200,67.42
EA,1200,Compress,42,3,1200,67.42
EA,1200,Compress,42,4,1200,67.42
EA,1200,Compress,43,0,1200,0.0
EA,1200,Compress,43,1,1200,54.33
EA,1200,Compress,43,2,1200,54.33
EA,1200,Compress,43,3,1200,0.0
EA,1200,Compress,43,4,1200,54.33
EA,1200,Compress,44,0,1200,80.0
EA,1200,Compress,44,1,1200,80.0
EA,1200,Compress,44,2,1200,80.0
EA,1200,Compress,44,3,1200,80.0
EA,1200,Compress,44,4,1200,80.0
EA,1200,Compress,45,0,1200,79.63
EA,1200,Compress,45,1,1200,79.63
EA,1200,Compress,45,2,1200,79.63
EA,1200,Compress,45,3,1200,79.63
EA,1200,Compress,45,4,1200,79.63
EA,1200,Compress,46,0,1200,74.49
EA,1200,Compress,46,1,1200,74.49
EA,1200,Compress,46,2,1200,74.49
EA,1200,Compress,46,3,1200,74.49
EA,1200,Compress,46,4,1200,74.49
EA,1200,Compress,47,0,1200,1.73
EA,1200,Compress,47,1,1200,1.73
EA,1200,Compress,47,2,1200,16.61
EA,1200,Compress,47,3,1200,1.73
EA,1200,Compress,47,4,1200,16.61
DS,1200,Csv,1,0,1200,65.38
DS,1200,Csv,1,1,1200,65.38
DS,1200,Csv,1,2,1200,53.85
DS,1200,Csv,1,3,1200,53.85
DS,1200,Csv,1,4,1200,65.38
DS,1200,Csv,2,0,1200,93.75
DS,1200,Csv,2,1,1200,87.5
DS,1200,Csv,2,2,1200,81.25
DS,1200,Csv,2,3,1200,87.5
DS,1200,Csv,2,4,1200,93.75
DS,1200,Csv,3,0,1200,80.77
DS,1200,Csv,3,1,1200,80.77
DS,1200,Csv,3,2,1200,82.69
DS,1200,Csv,3,3,1200,69.23
DS,1200,Csv,3,4,1200,80.77
DS,1200,Csv,4,0,1200,84.62
DS,1200,Csv,4,1,1200,84.62
DS,1200,Csv,4,2,1200,84.62
DS,1200,Csv,4,3,1200,84.62
DS,1200,Csv,4,4,1200,84.62
DS,1200,Csv,5,0,1200,90.6
DS,1200,Csv,5,1,1200,76.92
DS,1200,Csv,5,2,1200,90.6
DS,1200,Csv,5,3,1200,90.6
DS,1200,Csv,5,4,1200,90.6
DS,1200,Csv,6,0,1200,90.0
DS,1200,Csv,6,1,1200,90.0
DS,1200,Csv,6,2,1200,90.0
DS,1200,Csv,6,3,1200,90.0
DS,1200,Csv,6,4,1200,90.0
DS,1200,Csv,7,0,1200,88.46
DS,1200,Csv,7,1,1200,88.46
DS,1200,Csv,7,2,1200,88.46
DS,1200,Csv,7,3,1200,88.46
DS,1200,Csv,7,4,1200,90.38
DS,1200,Csv,8,0,1200,81.43
DS,1200,Csv,8,1,1200,81.43
DS,1200,Csv,8,2,1200,81.43
DS,1200,Csv,8,3,1200,81.43
DS,1200,Csv,8,4,1200,81.43
DS,1200,Csv,9,0,1200,91.67
DS,1200,Csv,9,1,1200,91.67
DS,1200,Csv,9,2,1200,91.67
DS,1200,Csv,9,3,1200,91.67
DS,1200,Csv,9,4,1200,91.67
DS,1200,Csv,10,0,1200,92.44
DS,1200,Csv,10,1,1200,92.44
DS,1200,Csv,10,2,1200,92.44
DS,1200,Csv,10,3,1200,92.44
DS,1200,Csv,10,4,1200,92.44
DS,1200,Csv,11,0,1200,88.71
DS,1200,Csv,11,1,1200,88.71
DS,1200,Csv,11,2,1200,88.71
DS,1200,Csv,11,3,1200,88.71
DS,1200,Csv,11,4,1200,88.71
DS,1200,Csv,12,0,1200,82.14
DS,1200,Csv,12,1,1200,82.14
DS,1200,Csv,12,2,1200,82.14
DS,1200,Csv,12,3,1200,66.43
DS,1200,Csv,12,4,1200,82.14
DS,1200,Csv,13,0,1200,85.91
DS,1200,Csv,13,1,1200,85.91
DS,1200,Csv,13,2,1200,85.91
DS,1200,Csv,13,3,1200,85.91
DS,1200,Csv,13,4,1200,85.91
DS,1200,Csv,14,0,1200,83.57
DS,1200,Csv,14,1,1200,72.14
DS,1200,Csv,14,2,1200,73.21
DS,1200,Csv,14,3,1200,83.57
DS,1200,Csv,14,4,1200,72.86
DS,1200,Csv,15,0,1200,88.1
DS,1200,Csv,15,1,1200,88.1
DS,1200,Csv,15,2,1200,89.22
DS,1200,Csv,15,3,1200,88.1
DS,1200,Csv,15,4,1200,82.16
DS,1200,Csv,16,0,1200,94.12
DS,1200,Csv,16,1,1200,95.59
DS,1200,Csv,16,2,1200,95.59
DS,1200,Csv,16,3,1200,95.59
DS,1200,Csv,16,4,1200,95.59
DS,1200,Jsoup,1,0,1200,100.0
DS,1200,Jsoup,1,1,1200,100.0
DS,1200,Jsoup,1,2,1200,77.78
DS,1200,Jsoup,1,3,1200,100.0
DS,1200,Jsoup,1,4,1200,100.0
DS,1200,Jsoup,2,0,1200,95.35
DS,1200,Jsoup,2,1,1200,96.51
DS,1200,Jsoup,2,2,1200,96.51
DS,1200,Jsoup,2,3,1200,96.51
DS,1200,Jsoup,2,4,1200,96.51
DS,1200,Jsoup,3,0,1200,84.21
DS,1200,Jsoup,3,1,1200,84.21
DS,1200,Jsoup,3,2,1200,84.21
DS,1200,Jsoup,3,3,1200,84.21
DS,1200,Jsoup,3,4,1200,84.21
DS,1200,Jsoup,4,0,1200,68.18
DS,1200,Jsoup,4,1,1200,68.18
DS,1200,Jsoup,4,2,1200,68.18
DS,1200,Jsoup,4,3,1200,68.18
DS,1200,Jsoup,4,4,1200,68.18
DS,1200,Jsoup,5,0,1200,96.81
DS,1200,Jsoup,5,1,1200,98.94
DS,1200,Jsoup,5,2,1200,98.94
DS,1200,Jsoup,5,3,1200,97.87
DS,1200,Jsoup,5,4,1200,98.94
DS,1200,Jsoup,6,0,1200,68.18
DS,1200,Jsoup,6,1,1200,68.18
DS,1200,Jsoup,6,2,1200,68.18
DS,1200,Jsoup,6,3,1200,68.18
DS,1200,Jsoup,6,4,1200,68.18
DS,1200,Jsoup,7,0,1200,63.89
DS,1200,Jsoup,7,1,1200,63.89
DS,1200,Jsoup,7,2,1200,63.89
DS,1200,Jsoup,7,3,1200,63.89
DS,1200,Jsoup,7,4,1200,63.89
DS,1200,Jsoup,8,0,1200,78.57
DS,1200,Jsoup,8,1,1200,78.57
DS,1200,Jsoup,8,2,1200,78.57
DS,1200,Jsoup,8,3,1200,78.57
DS,1200,Jsoup,8,4,1200,78.57
DS,1200,Jsoup,9,0,1200,75.0
DS,1200,Jsoup,9,1,1200,75.0
DS,1200,Jsoup,9,2,1200,90.0
DS,1200,Jsoup,9,3,1200,75.0
DS,1200,Jsoup,9,4,1200,90.0
DS,1200,Jsoup,10,0,1200,86.0
DS,1200,Jsoup,10,1,1200,86.0
DS,1200,Jsoup,10,2,1200,84.0
DS,1200,Jsoup,10,3,1200,84.0
DS,1200,Jsoup,10,4,1200,86.0
DS,1200,Jsoup,11,0,1200,42.42
DS,1200,Jsoup,11,1,1200,42.42
DS,1200,Jsoup,11,2,1200,42.42
DS,1200,Jsoup,11,3,1200,42.42
DS,1200,Jsoup,11,4,1200,42.42
DS,1200,Jsoup,12,0,1200,96.43
DS,1200,Jsoup,12,1,1200,94.29
DS,1200,Jsoup,12,2,1200,96.43
DS,1200,Jsoup,12,3,1200,94.29
DS,1200,Jsoup,12,4,1200,94.29
DS,1200,Jsoup,13,0,1200,78.57
DS,1200,Jsoup,13,1,1200,81.43
DS,1200,Jsoup,13,2,1200,78.57
DS,1200,Jsoup,13,3,1200,81.43
DS,1200,Jsoup,13,4,1200,72.86
DS,1200,Jsoup,14,0,1200,28.11
DS,1200,Jsoup,14,1,1200,28.11
DS,1200,Jsoup,14,2,1200,28.11
DS,1200,Jsoup,14,3,1200,28.11
DS,1200,Jsoup,14,4,1200,28.11
DS,1200,Jsoup,15,0,1200,57.7
DS,1200,Jsoup,15,1,1200,59.3
DS,1200,Jsoup,15,2,1200,57.97
DS,1200,Jsoup,15,3,1200,56.22
DS,1200,Jsoup,15,4,1200,59.84
DS,1200,Jsoup,16,0,1200,50.0
DS,1200,Jsoup,16,1,1200,50.0
DS,1200,Jsoup,16,2,1200,50.0
DS,1200,Jsoup,16,3,1200,50.0
DS,1200,Jsoup,16,4,1200,50.0
DS,1200,Jsoup,17,0,1200,61.85
DS,1200,Jsoup,17,1,1200,55.69
DS,1200,Jsoup,17,2,1200,57.83
DS,1200,Jsoup,17,3,1200,59.17
DS,1200,Jsoup,17,4,1200,61.58
DS,1200,Jsoup,18,0,1200,54.88
DS,1200,Jsoup,18,1,1200,54.88
DS,1200,Jsoup,18,2,1200,54.88
DS,1200,Jsoup,18,3,1200,54.88
DS,1200,Jsoup,18,4,1200,54.88
DS,1200,Jsoup,19,0,1200,0.0
DS,1200,Jsoup,19,1,1200,0.0
DS,1200,Jsoup,19,2,1200,0.0
DS,1200,Jsoup,19,3,1200,0.0
DS,1200,Jsoup,19,4,1200,0.0
DS,1200,Jsoup,20,0,1200,0.0
DS,1200,Jsoup,20,1,1200,0.0
DS,1200,Jsoup,20,2,1200,0.0
DS,1200,Jsoup,20,3,1200,0.0
DS,1200,Jsoup,20,4,1200,0.0
DS,1200,Jsoup,21,0,1200,56.25
DS,1200,Jsoup,21,1,1200,56.25
DS,1200,Jsoup,21,2,1200,56.25
DS,1200,Jsoup,21,3,1200,56.25
DS,1200,Jsoup,21,4,1200,56.25
DS,1200,Jsoup,22,0,1200,76.21
DS,1200,Jsoup,22,1,1200,76.21
DS,1200,Jsoup,22,2,1200,76.21
DS,1200,Jsoup,22,3,1200,76.21
DS,1200,Jsoup,22,4,1200,76.21
DS,1200,Jsoup,23,0,1200,67.26
DS,1200,Jsoup,23,1,1200,67.26
DS,1200,Jsoup,23,2,1200,67.26
DS,1200,Jsoup,23,3,1200,67.26
DS,1200,Jsoup,23,4,1200,67.26
DS,1200,Jsoup,24,0,1200,25.71
DS,1200,Jsoup,24,1,1200,25.71
DS,1200,Jsoup,24,2,1200,25.71
DS,1200,Jsoup,24,3,1200,25.71
DS,1200,Jsoup,24,4,1200,25.71
DS,1200,Jsoup,25,0,1200,58.7
DS,1200,Jsoup,25,1,1200,71.74
DS,1200,Jsoup,25,2,1200,71.74
DS,1200,Jsoup,25,3,1200,58.7
DS,1200,Jsoup,25,4,1200,58.7
DS,1200,Jsoup,26,0,1200,0.0
DS,1200,Jsoup,26,1,1200,0.0
DS,1200,Jsoup,26,2,1200,0.0
DS,1200,Jsoup,26,3,1200,0.0
DS,1200,Jsoup,26,4,1200,0.0
DS,1200,Jsoup,27,0,1200,14.29
DS,1200,Jsoup,27,1,1200,14.29
DS,1200,Jsoup,27,2,1200,10.71
DS,1200,Jsoup,27,3,1200,10.71
DS,1200,Jsoup,27,4,1200,14.29
DS,1200,Jsoup,28,0,1200,56.12
DS,1200,Jsoup,28,1,1200,56.12
DS,1200,Jsoup,28,2,1200,56.12
DS,1200,Jsoup,28,3,1200,56.12
DS,1200,Jsoup,28,4,1200,56.12
DS,1200,Jsoup,29,0,1200,30.56
DS,1200,Jsoup,29,1,1200,22.22
DS,1200,Jsoup,29,2,1200,22.22
DS,1200,Jsoup,29,3,1200,25.0
DS,1200,Jsoup,29,4,1200,27.78
DS,1200,Jsoup,30,0,1200,90.0
DS,1200,Jsoup,30,1,1200,90.0
DS,1200,Jsoup,30,2,1200,90.0
DS,1200,Jsoup,30,3,1200,90.0
DS,1200,Jsoup,30,4,1200,90.0
DS,1200,Jsoup,31,0,1200,47.72
DS,1200,Jsoup,31,1,1200,47.72
DS,1200,Jsoup,31,2,1200,47.72
DS,1200,Jsoup,31,3,1200,47.72
DS,1200,Jsoup,31,4,1200,47.72
DS,1200,Jsoup,32,0,1200,92.86
DS,1200,Jsoup,32,1,1200,92.86
DS,1200,Jsoup,32,2,1200,85.71
DS,1200,Jsoup,32,3,1200,92.86
DS,1200,Jsoup,32,4,1200,87.86
DS,1200,Jsoup,33,0,1200,73.76
DS,1200,Jsoup,33,1,1200,73.76
DS,1200,Jsoup,33,2,1200,74.26
DS,1200,Jsoup,33,3,1200,73.76
DS,1200,Jsoup,33,4,1200,75.25
DS,1200,Jsoup,34,0,1200,91.67
DS,1200,Jsoup,34,1,1200,91.67
DS,1200,Jsoup,34,2,1200,93.94
DS,1200,Jsoup,34,3,1200,93.94
DS,1200,Jsoup,34,4,1200,91.67
DS,1200,Jsoup,35,0,1200,63.82
DS,1200,Jsoup,35,1,1200,61.68
DS,1200,Jsoup,35,2,1200,64.09
DS,1200,Jsoup,35,3,1200,61.68
DS,1200,Jsoup,35,4,1200,61.68
DS,1200,Jsoup,36,0,1200,30.43
DS,1200,Jsoup,36,1,1200,17.39
DS,1200,Jsoup,36,2,1200,17.39
DS,1200,Jsoup,36,3,1200,26.09
DS,1200,Jsoup,36,4,1200,30.43
DS,1200,Jsoup,37,0,1200,84.42
DS,1200,Jsoup,37,1,1200,90.26
DS,1200,Jsoup,37,2,1200,90.91
DS,1200,Jsoup,37,3,1200,77.92
DS,1200,Jsoup,37,4,1200,90.26
DS,1200,Jsoup,38,0,1200,44.61
DS,1200,Jsoup,38,1,1200,44.61
DS,1200,Jsoup,38,2,1200,44.61
DS,1200,Jsoup,38,3,1200,44.61
DS,1200,Jsoup,38,4,1200,44.61
DS,1200,Jsoup,39,0,1200,30.43
DS,1200,Jsoup,39,1,1200,30.43
DS,1200,Jsoup,39,2,1200,30.43
DS,1200,Jsoup,39,3,1200,30.43
DS,1200,Jsoup,39,4,1200,30.43
DS,1200,Jsoup,40,0,1200,83.33
DS,1200,Jsoup,40,1,1200,83.33
DS,1200,Jsoup,40,2,1200,83.33
DS,1200,Jsoup,40,3,1200,83.33
DS,1200,Jsoup,40,4,1200,83.33
DS,1200,Jsoup,41,0,1200,91.86
DS,1200,Jsoup,41,1,1200,91.28
DS,1200,Jsoup,41,2,1200,73.84
DS,1200,Jsoup,41,3,1200,91.28
DS,1200,Jsoup,41,4,1200,90.12
DS,1200,Jsoup,42,0,1200,0.0
DS,1200,Jsoup,42,1,1200,0.0
DS,1200,Jsoup,42,2,1200,0.0
DS,1200,Jsoup,42,3,1200,0.0
DS,1200,Jsoup,42,4,1200,0.0
DS,1200,Jsoup,43,0,1200,74.14
DS,1200,Jsoup,43,1,1200,71.84
DS,1200,Jsoup,43,2,1200,91.95
DS,1200,Jsoup,43,3,1200,92.53
DS,1200,Jsoup,43,4,1200,91.38
DS,1200,Jsoup,44,0,1200,80.0
DS,1200,Jsoup,44,1,1200,70.0
DS,1200,Jsoup,44,2,1200,70.0
DS,1200,Jsoup,44,3,1200,70.0
DS,1200,Jsoup,44,4,1200,70.0
DS,1200,Jsoup,45,0,1200,56.44
DS,1200,Jsoup,45,1,1200,56.44
DS,1200,Jsoup,45,2,1200,56.44
DS,1200,Jsoup,45,3,1200,56.44
DS,1200,Jsoup,45,4,1200,56.44
DS,1200,Jsoup,46,0,1200,88.24
DS,1200,Jsoup,46,1,1200,84.31
DS,1200,Jsoup,46,2,1200,88.24
DS,1200,Jsoup,46,3,1200,88.24
DS,1200,Jsoup,46,4,1200,88.24
DS,1200,Jsoup,47,0,1200,88.68
DS,1200,Jsoup,47,1,1200,88.68
DS,1200,Jsoup,47,2,1200,88.68
DS,1200,Jsoup,47,3,1200,88.68
DS,1200,Jsoup,47,4,1200,88.68
DS,1200,Jsoup,48,0,1200,35.8
DS,1200,Jsoup,48,1,1200,10.23
DS,1200,Jsoup,48,2,1200,13.07
DS,1200,Jsoup,48,3,1200,11.36
DS,1200,Jsoup,48,4,1200,11.36
DS,1200,Jsoup,49,0,1200,81.37
DS,1200,Jsoup,49,1,1200,77.45
DS,1200,Jsoup,49,2,1200,82.35
DS,1200,Jsoup,49,3,1200,75.49
DS,1200,Jsoup,49,4,1200,82.35
DS,1200,Jsoup,50,0,1200,51.32
DS,1200,Jsoup,50,1,1200,53.95
DS,1200,Jsoup,50,2,1200,51.32
DS,1200,Jsoup,50,3,1200,53.95
DS,1200,Jsoup,50,4,1200,53.95
DS,1200,Jsoup,51,0,1200,87.77
DS,1200,Jsoup,51,1,1200,87.77
DS,1200,Jsoup,51,2,1200,87.77
DS,1200,Jsoup,51,3,1200,87.77
DS,1200,Jsoup,51,4,1200,87.77
DS,1200,Jsoup,52,0,1200,61.74
DS,1200,Jsoup,52,1,1200,53.04
DS,1200,Jsoup,52,2,1200,60.0
DS,1200,Jsoup,52,3,1200,60.0
DS,1200,Jsoup,52,4,1200,53.04
DS,1200,Jsoup,53,0,1200,71.19
DS,1200,Jsoup,53,1,1200,71.19
DS,1200,Jsoup,53,2,1200,71.19
DS,1200,Jsoup,53,3,1200,71.19
DS,1200,Jsoup,53,4,1200,71.19
DS,1200,Jsoup,54,0,1200,78.57
DS,1200,Jsoup,54,1,1200,78.57
DS,1200,Jsoup,54,2,1200,78.57
DS,1200,Jsoup,54,3,1200,78.57
DS,1200,Jsoup,54,4,1200,78.57
DS,1200,Jsoup,55,0,1200,49.23
DS,1200,Jsoup,55,1,1200,49.23
DS,1200,Jsoup,55,2,1200,49.23
DS,1200,Jsoup,55,3,1200,49.23
DS,1200,Jsoup,55,4,1200,49.23
DS,1200,Jsoup,56,0,1200,63.57
DS,1200,Jsoup,56,1,1200,63.06
DS,1200,Jsoup,56,2,1200,64.26
DS,1200,Jsoup,56,3,1200,64.68
DS,1200,Jsoup,56,4,1200,64.68
DS,1200,Jsoup,57,0,1200,89.47
DS,1200,Jsoup,57,1,1200,86.84
DS,1200,Jsoup,57,2,1200,86.84
DS,1200,Jsoup,57,3,1200,86.84
DS,1200,Jsoup,57,4,1200,86.84
DS,1200,Jsoup,58,0,1200,21.05
DS,1200,Jsoup,58,1,1200,5.26
DS,1200,Jsoup,58,2,1200,21.05
DS,1200,Jsoup,58,3,1200,21.05
DS,1200,Jsoup,58,4,1200,21.05
DS,1200,Jsoup,59,0,1200,82.61
DS,1200,Jsoup,59,1,1200,82.61
DS,1200,Jsoup,59,2,1200,82.61
DS,1200,Jsoup,59,3,1200,82.61
DS,1200,Jsoup,59,4,1200,82.61
DS,1200,Jsoup,60,0,1200,85.38
DS,1200,Jsoup,60,1,1200,85.38
DS,1200,Jsoup,60,2,1200,85.38
DS,1200,Jsoup,60,3,1200,85.38
DS,1200,Jsoup,60,4,1200,85.38
DS,1200,Jsoup,61,0,1200,92.93
DS,1200,Jsoup,61,1,1200,92.93
DS,1200,Jsoup,61,2,1200,92.93
DS,1200,Jsoup,61,3,1200,92.93
DS,1200,Jsoup,61,4,1200,35.33
DS,1200,Jsoup,62,0,1200,49.27
DS,1200,Jsoup,62,1,1200,49.27
DS,1200,Jsoup,62,2,1200,49.27
DS,1200,Jsoup,62,3,1200,49.27
DS,1200,Jsoup,62,4,1200,49.27
DS,1200,Jsoup,63,0,1200,65.75
DS,1200,Jsoup,63,1,1200,65.75
DS,1200,Jsoup,63,2,1200,65.75
DS,1200,Jsoup,63,3,1200,65.75
DS,1200,Jsoup,63,4,1200,65.75
DS,1200,Jsoup,64,0,1200,48.02
DS,1200,Jsoup,64,1,1200,48.02
DS,1200,Jsoup,64,2,1200,48.02
DS,1200,Jsoup,64,3,1200,48.02
DS,1200,Jsoup,64,4,1200,48.02
DS,1200,Jsoup,65,0,1200,50.15
DS,1200,Jsoup,65,1,1200,50.15
DS,1200,Jsoup,65,2,1200,50.15
DS,1200,Jsoup,65,3,1200,50.15
DS,1200,Jsoup,65,4,1200,50.15
DS,1200,Jsoup,66,0,1200,91.67
DS,1200,Jsoup,66,1,1200,91.67
DS,1200,Jsoup,66,2,1200,91.67
DS,1200,Jsoup,66,3,1200,91.67
DS,1200,Jsoup,66,4,1200,91.67
DS,1200,Jsoup,67,0,1200,58.91
DS,1200,Jsoup,67,1,1200,58.91
DS,1200,Jsoup,67,2,1200,58.91
DS,1200,Jsoup,67,3,1200,58.91
DS,1200,Jsoup,67,4,1200,58.91
DS,1200,Jsoup,68,0,1200,6.93
DS,1200,Jsoup,68,1,1200,6.93
DS,1200,Jsoup,68,2,1200,58.91
DS,1200,Jsoup,68,3,1200,58.91
DS,1200,Jsoup,68,4,1200,58.91
DS,1200,Jsoup,69,0,1200,0.0
DS,1200,Jsoup,69,1,1200,0.0
DS,1200,Jsoup,69,2,1200,0.0
DS,1200,Jsoup,69,3,1200,0.0
DS,1200,Jsoup,69,4,1200,0.0
DS,1200,Jsoup,70,0,1200,91.75
DS,1200,Jsoup,70,1,1200,91.75
DS,1200,Jsoup,70,2,1200,91.75
DS,1200,Jsoup,70,3,1200,91.75
DS,1200,Jsoup,70,4,1200,91.75
DS,1200,Jsoup,71,0,1200,79.53
DS,1200,Jsoup,71,1,1200,79.53
DS,1200,Jsoup,71,2,1200,79.53
DS,1200,Jsoup,71,3,1200,79.53
DS,1200,Jsoup,71,4,1200,79.53
DS,1200,Jsoup,72,0,1200,87.5
DS,1200,Jsoup,72,1,1200,87.5
DS,1200,Jsoup,72,2,1200,87.5
DS,1200,Jsoup,72,3,1200,87.5
DS,1200,Jsoup,72,4,1200,87.5
DS,1200,Jsoup,73,0,1200,82.14
DS,1200,Jsoup,73,1,1200,82.14
DS,1200,Jsoup,73,2,1200,82.14
DS,1200,Jsoup,73,3,1200,82.14
DS,1200,Jsoup,73,4,1200,82.14
DS,1200,Jsoup,74,0,1200,81.4
DS,1200,Jsoup,74,1,1200,81.4
DS,1200,Jsoup,74,2,1200,81.4
DS,1200,Jsoup,74,3,1200,81.4
DS,1200,Jsoup,74,4,1200,81.4
DS,1200,Jsoup,75,0,1200,89.74
DS,1200,Jsoup,75,1,1200,89.74
DS,1200,Jsoup,75,2,1200,89.74
DS,1200,Jsoup,75,3,1200,89.74
DS,1200,Jsoup,75,4,1200,89.74
DS,1200,Jsoup,76,0,1200,48.28
DS,1200,Jsoup,76,1,1200,48.28
DS,1200,Jsoup,76,2,1200,48.28
DS,1200,Jsoup,76,3,1200,48.28
DS,1200,Jsoup,76,4,1200,48.28
DS,1200,Jsoup,77,0,1200,83.87
DS,1200,Jsoup,77,1,1200,83.87
DS,1200,Jsoup,77,2,1200,0.0
DS,1200,Jsoup,77,3,1200,83.87
DS,1200,Jsoup,77,4,1200,83.87
DS,1200,Jsoup,78,0,1200,52.27
DS,1200,Jsoup,78,1,1200,52.27
DS,1200,Jsoup,78,2,1200,52.27
DS,1200,Jsoup,78,3,1200,59.09
DS,1200,Jsoup,78,4,1200,62.5
DS,1200,Jsoup,79,0,1200,78.57
DS,1200,Jsoup,79,1,1200,78.57
DS,1200,Jsoup,79,2,1200,78.57
DS,1200,Jsoup,79,3,1200,78.57
DS,1200,Jsoup,79,4,1200,78.57
DS,1200,Jsoup,80,0,1200,81.82
DS,1200,Jsoup,80,1,1200,81.82
DS,1200,Jsoup,80,2,1200,81.82
DS,1200,Jsoup,80,3,1200,81.82
DS,1200,Jsoup,80,4,1200,0.0
DS,1200,Jsoup,81,0,1200,50.0
DS,1200,Jsoup,81,1,1200,59.18
DS,1200,Jsoup,81,2,1200,50.0
DS,1200,Jsoup,81,3,1200,50.0
DS,1200,Jsoup,81,4,1200,59.18
DS,1200,Jsoup,82,0,1200,59.18
DS,1200,Jsoup,82,1,1200,59.18
DS,1200,Jsoup,82,2,1200,59.18
DS,1200,Jsoup,82,3,1200,59.18
DS,1200,Jsoup,82,4,1200,59.18
DS,1200,Jsoup,83,0,1200,67.97
DS,1200,Jsoup,83,1,1200,67.97
DS,1200,Jsoup,83,2,1200,67.97
DS,1200,Jsoup,83,3,1200,67.97
DS,1200,Jsoup,83,4,1200,67.97
DS,1200,Jsoup,84,0,1200,0.0
DS,1200,Jsoup,84,1,1200,0.0
DS,1200,Jsoup,84,2,1200,0.0
DS,1200,Jsoup,84,3,1200,0.0
DS,1200,Jsoup,84,4,1200,0.0
DS,1200,Jsoup,85,0,1200,42.0
DS,1200,Jsoup,85,1,1200,42.0
DS,1200,Jsoup,85,2,1200,42.0
DS,1200,Jsoup,85,3,1200,42.0
DS,1200,Jsoup,85,4,1200,42.0
DS,1200,Jsoup,86,0,1200,60.0
DS,1200,Jsoup,86,1,1200,60.0
DS,1200,Jsoup,86,2,1200,60.0
DS,1200,Jsoup,86,3,1200,60.0
DS,1200,Jsoup,86,4,1200,0.0
DS,1200,Jsoup,87,0,1200,71.88
DS,1200,Jsoup,87,1,1200,71.09
DS,1200,Jsoup,87,2,1200,70.85
DS,1200,Jsoup,87,3,1200,70.69
DS,1200,Jsoup,87,4,1200,71.96
DS,1200,Jsoup,88,0,1200,42.0
DS,1200,Jsoup,88,1,1200,42.0
DS,1200,Jsoup,88,2,1200,42.0
DS,1200,Jsoup,88,3,1200,42.0
DS,1200,Jsoup,88,4,1200,42.0
DS,1200,Jsoup,89,0,1200,42.0
DS,1200,Jsoup,89,1,1200,42.0
DS,1200,Jsoup,89,2,1200,42.0
DS,1200,Jsoup,89,3,1200,42.0
DS,1200,Jsoup,89,4,1200,42.0
DS,1200,Jsoup,90,0,1200,55.93
DS,1200,Jsoup,90,1,1200,55.93
DS,1200,Jsoup,90,2,1200,55.93
DS,1200,Jsoup,90,3,1200,55.93
DS,1200,Jsoup,90,4,1200,55.93
DS,1200,Jsoup,91,0,1200,91.41
DS,1200,Jsoup,91,1,1200,90.91
DS,1200,Jsoup,91,2,1200,69.7
DS,1200,Jsoup,91,3,1200,91.41
DS,1200,Jsoup,91,4,1200,90.4
DS,1200,Jsoup,92,0,1200,68.31
DS,1200,Jsoup,92,1,1200,68.31
DS,1200,Jsoup,92,2,1200,68.31
DS,1200,Jsoup,92,3,1200,68.31
DS,1200,Jsoup,92,4,1200,68.31
DS,1200,Jsoup,93,0,1200,53.33
DS,1200,Jsoup,93,1,1200,0.0
DS,1200,Jsoup,93,2,1200,53.33
DS,1200,Jsoup,93,3,1200,53.33
DS,1200,Jsoup,93,4,1200,53.33
DS,1200,Lang,1,0,1200,87.14
DS,1200,Lang,1,1,1200,87.14
DS,1200,Lang,1,2,1200,87.14
DS,1200,Lang,1,3,1200,87.14
DS,1200,Lang,1,4,1200,87.14
DS,1200,Lang,3,0,1200,86.98
DS,1200,Lang,3,1,1200,86.98
DS,1200,Lang,3,2,1200,86.98
DS,1200,Lang,3,3,1200,86.98
DS,1200,Lang,3,4,1200,86.98
DS,1200,Lang,4,0,1200,57.14
DS,1200,Lang,4,1,1200,57.14
DS,1200,Lang,4,2,1200,57.14
DS,1200,Lang,4,3,1200,57.14
DS,1200,Lang,4,4,1200,57.14
DS,1200,Lang,5,0,1200,78.57
DS,1200,Lang,5,1,1200,78.57
DS,1200,Lang,5,2,1200,78.57
DS,1200,Lang,5,3,1200,78.57
DS,1200,Lang,5,4,1200,78.57
DS,1200,Lang,6,0,1200,100.0
DS,1200,Lang,6,1,1200,100.0
DS,1200,Lang,6,2,1200,100.0
DS,1200,Lang,6,3,1200,100.0
DS,1200,Lang,6,4,1200,100.0
DS,1200,Lang,7,0,1200,83.88
DS,1200,Lang,7,1,1200,83.88
DS,1200,Lang,7,2,1200,83.88
DS,1200,Lang,7,3,1200,83.88
DS,1200,Lang,7,4,1200,83.88
DS,1200,Lang,8,0,1200,76.67
DS,1200,Lang,8,1,1200,76.67
DS,1200,Lang,8,2,1200,76.67
DS,1200,Lang,8,3,1200,76.67
DS,1200,Lang,8,4,1200,76.67
DS,1200,Lang,9,0,1200,84.0
DS,1200,Lang,9,1,1200,84.0
DS,1200,Lang,9,2,1200,84.0
DS,1200,Lang,9,3,1200,84.0
DS,1200,Lang,9,4,1200,84.0
DS,1200,Lang,10,0,1200,82.11
DS,1200,Lang,10,1,1200,82.11
DS,1200,Lang,10,2,1200,82.11
DS,1200,Lang,10,3,1200,82.11
DS,1200,Lang,10,4,1200,82.11
DS,1200,Lang,11,0,1200,0.0
DS,1200,Lang,11,1,1200,94.64
DS,1200,Lang,11,2,1200,94.64
DS,1200,Lang,11,3,1200,94.64
DS,1200,Lang,11,4,1200,0.0
DS,1200,Lang,12,0,1200,0.0
DS,1200,Lang,12,1,1200,0.0
DS,1200,Lang,12,2,1200,0.0
DS,1200,Lang,12,3,1200,92.59
DS,1200,Lang,12,4,1200,0.0
DS,1200,Lang,13,0,1200,81.25
DS,1200,Lang,13,1,1200,81.25
DS,1200,Lang,13,2,1200,81.25
DS,1200,Lang,13,3,1200,81.25
DS,1200,Lang,13,4,1200,81.25
DS,1200,Lang,14,0,1200,47.34
DS,1200,Lang,14,1,1200,47.34
DS,1200,Lang,14,2,1200,47.34
DS,1200,Lang,14,3,1200,47.34
DS,1200,Lang,14,4,1200,47.34
DS,1200,Lang,15,0,1200,42.2
DS,1200,Lang,15,1,1200,42.2
DS,1200,Lang,15,2,1200,42.2
DS,1200,Lang,15,3,1200,42.2
DS,1200,Lang,15,4,1200,42.2
DS,1200,Lang,16,0,1200,84.25
DS,1200,Lang,16,1,1200,84.25
DS,1200,Lang,16,2,1200,84.25
DS,1200,Lang,16,3,1200,84.25
DS,1200,Lang,16,4,1200,84.25
DS,1200,Lang,17,0,1200,100.0
DS,1200,Lang,17,1,1200,100.0
DS,1200,Lang,17,2,1200,100.0
DS,1200,Lang,17,3,1200,100.0
DS,1200,Lang,17,4,1200,100.0
DS,1200,Lang,18,0,1200,64.67
DS,1200,Lang,18,1,1200,64.67
DS,1200,Lang,18,2,1200,64.67
DS,1200,Lang,18,3,1200,64.67
DS,1200,Lang,18,4,1200,64.67
DS,1200,Lang,19,0,1200,44.74
DS,1200,Lang,19,1,1200,44.74
DS,1200,Lang,19,2,1200,44.74
DS,1200,Lang,19,3,1200,44.74
DS,1200,Lang,19,4,1200,44.74
DS,1200,Lang,20,0,1200,97.21
DS,1200,Lang,20,1,1200,97.21
DS,1200,Lang,20,2,1200,97.21
DS,1200,Lang,20,3,1200,97.21
DS,1200,Lang,20,4,1200,97.21
DS,1200,Lang,21,0,1200,84.4
DS,1200,Lang,21,1,1200,84.4
DS,1200,Lang,21,2,1200,84.4
DS,1200,Lang,21,3,1200,84.4
DS,1200,Lang,21,4,1200,84.4
DS,1200,Lang,22,0,1200,0.0
DS,1200,Lang,22,1,1200,0.0
DS,1200,Lang,22,2,1200,84.18
DS,1200,Lang,22,3,1200,0.0
DS,1200,Lang,22,4,1200,84.18
DS,1200,Lang,23,0,1200,54.95
DS,1200,Lang,23,1,1200,54.95
DS,1200,Lang,23,2,1200,54.95
DS,1200,Lang,23,3,1200,54.95
DS,1200,Lang,23,4,1200,54.95
DS,1200,Lang,24,0,1200,63.13
DS,1200,Lang,24,1,1200,63.13
DS,1200,Lang,24,2,1200,63.13
DS,1200,Lang,24,3,1200,63.13
DS,1200,Lang,24,4,1200,63.13
DS,1200,Lang,25,0,1200,100.0
DS,1200,Lang,25,1,1200,100.0
DS,1200,Lang,25,2,1200,100.0
DS,1200,Lang,25,3,1200,100.0
DS,1200,Lang,25,4,1200,100.0
DS,1200,Lang,26,0,1200,60.96
DS,1200,Lang,26,1,1200,60.96
DS,1200,Lang,26,2,1200,60.96
DS,1200,Lang,26,3,1200,60.96
DS,1200,Lang,26,4,1200,60.96
DS,1200,Lang,27,0,1200,84.55
DS,1200,Lang,27,1,1200,84.55
DS,1200,Lang,27,2,1200,84.55
DS,1200,Lang,27,3,1200,84.55
DS,1200,Lang,27,4,1200,84.55
DS,1200,Lang,29,0,1200,78.0
DS,1200,Lang,29,1,1200,66.0
DS,1200,Lang,29,2,1200,78.0
DS,1200,Lang,29,3,1200,78.0
DS,1200,Lang,29,4,1200,80.0
DS,1200,Lang,30,0,1200,95.95
DS,1200,Lang,30,1,1200,95.95
DS,1200,Lang,30,2,1200,95.95
DS,1200,Lang,30,3,1200,95.95
DS,1200,Lang,30,4,1200,95.95
DS,1200,Lang,31,0,1200,97.35
DS,1200,Lang,31,1,1200,97.35
DS,1200,Lang,31,2,1200,97.35
DS,1200,Lang,31,3,1200,97.35
DS,1200,Lang,31,4,1200,97.35
DS,1200,Lang,32,0,1200,90.62
DS,1200,Lang,32,1,1200,90.62
DS,1200,Lang,32,2,1200,90.62
DS,1200,Lang,32,3,1200,88.54
DS,1200,Lang,32,4,1200,87.5
DS,1200,Lang,33,0,1200,89.91
DS,1200,Lang,33,1,1200,89.91
DS,1200,Lang,33,2,1200,89.91
DS,1200,Lang,33,3,1200,89.91
DS,1200,Lang,33,4,1200,89.91
DS,1200,Lang,34,0,1200,77.06
DS,1200,Lang,34,1,1200,83.03
DS,1200,Lang,34,2,1200,83.03
DS,1200,Lang,34,3,1200,82.57
DS,1200,Lang,34,4,1200,82.57
DS,1200,Lang,35,0,1200,97.39
DS,1200,Lang,35,1,1200,97.39
DS,1200,Lang,35,2,1200,97.39
DS,1200,Lang,35,3,1200,97.39
DS,1200,Lang,35,4,1200,97.39
DS,1200,Lang,36,0,1200,53.41
DS,1200,Lang,36,1,1200,53.41
DS,1200,Lang,36,2,1200,53.41
DS,1200,Lang,36,3,1200,53.41
DS,1200,Lang,36,4,1200,53.41
DS,1200,Lang,37,0,1200,99.26
DS,1200,Lang,37,1,1200,99.26
DS,1200,Lang,37,2,1200,92.8
DS,1200,Lang,37,3,1200,99.26
DS,1200,Lang,37,4,1200,99.26
DS,1200,Lang,38,0,1200,59.21
DS,1200,Lang,38,1,1200,59.21
DS,1200,Lang,38,2,1200,59.21
DS,1200,Lang,38,3,1200,59.21
DS,1200,Lang,38,4,1200,59.21
DS,1200,Lang,39,0,1200,97.13
DS,1200,Lang,39,1,1200,97.13
DS,1200,Lang,39,2,1200,97.13
DS,1200,Lang,39,3,1200,97.13
DS,1200,Lang,39,4,1200,97.13
DS,1200,Lang,40,0,1200,97.1
DS,1200,Lang,40,1,1200,97.9
DS,1200,Lang,40,2,1200,97.9
DS,1200,Lang,40,3,1200,97.9
DS,1200,Lang,40,4,1200,97.9
DS,1200,Lang,41,0,1200,90.28
DS,1200,Lang,41,1,1200,87.96
DS,1200,Lang,41,2,1200,90.74
DS,1200,Lang,41,3,1200,87.5
DS,1200,Lang,41,4,1200,87.5
DS,1200,Lang,42,0,1200,77.94
DS,1200,Lang,42,1,1200,77.94
DS,1200,Lang,42,2,1200,80.88
DS,1200,Lang,42,3,1200,88.24
DS,1200,Lang,42,4,1200,88.24
DS,1200,Lang,44,0,1200,83.18
DS,1200,Lang,44,1,1200,83.64
DS,1200,Lang,44,2,1200,84.55
DS,1200,Lang,44,3,1200,84.55
DS,1200,Lang,44,4,1200,85.45
DS,1200,Lang,45,0,1200,82.69
DS,1200,Lang,45,1,1200,59.62
DS,1200,Lang,45,2,1200,82.69
DS,1200,Lang,45,3,1200,82.69
DS,1200,Lang,45,4,1200,76.92
DS,1200,Lang,46,0,1200,87.16
DS,1200,Lang,46,1,1200,87.16
DS,1200,Lang,46,2,1200,87.16
DS,1200,Lang,46,3,1200,87.16
DS,1200,Lang,46,4,1200,87.16
DS,1200,Lang,47,0,1200,62.5
DS,1200,Lang,47,1,1200,0.0
DS,1200,Lang,47,2,1200,25.0
DS,1200,Lang,47,3,1200,0.0
DS,1200,Lang,47,4,1200,27.22
DS,1200,Lang,48,0,1200,62.61
DS,1200,Lang,48,1,1200,77.48
DS,1200,Lang,48,2,1200,77.48
DS,1200,Lang,48,3,1200,77.48
DS,1200,Lang,48,4,1200,77.48
DS,1200,Lang,49,0,1200,51.6
DS,1200,Lang,49,1,1200,75.53
DS,1200,Lang,49,2,1200,60.11
DS,1200,Lang,49,3,1200,62.23
DS,1200,Lang,49,4,1200,74.47
DS,1200,Lang,50,0,1200,50.44
DS,1200,Lang,50,1,1200,50.44
DS,1200,Lang,50,2,1200,50.44
DS,1200,Lang,50,3,1200,50.44
DS,1200,Lang,50,4,1200,50.44
DS,1200,Lang,51,0,1200,69.81
DS,1200,Lang,51,1,1200,69.81
DS,1200,Lang,51,2,1200,69.81
DS,1200,Lang,51,3,1200,69.81
DS,1200,Lang,51,4,1200,69.81
DS,1200,Lang,52,0,1200,83.53
DS,1200,Lang,52,1,1200,83.53
DS,1200,Lang,52,2,1200,83.53
DS,1200,Lang,52,3,1200,83.53
DS,1200,Lang,52,4,1200,83.53
DS,1200,Lang,53,0,1200,90.29
DS,1200,Lang,53,1,1200,90.29
DS,1200,Lang,53,2,1200,90.29
DS,1200,Lang,53,3,1200,90.29
DS,1200,Lang,53,4,1200,90.29
DS,1200,Lang,54,0,1200,90.91
DS,1200,Lang,54,1,1200,90.91
DS,1200,Lang,54,2,1200,90.91
DS,1200,Lang,54,3,1200,90.91
DS,1200,Lang,54,4,1200,90.91
DS,1200,Lang,55,0,1200,89.29
DS,1200,Lang,55,1,1200,89.29
DS,1200,Lang,55,2,1200,89.29
DS,1200,Lang,55,3,1200,89.29
DS,1200,Lang,55,4,1200,89.29
DS,1200,Lang,56,0,1200,50.0
DS,1200,Lang,56,1,1200,50.0
DS,1200,Lang,56,2,1200,50.0
DS,1200,Lang,56,3,1200,50.0
DS,1200,Lang,56,4,1200,50.0
DS,1200,Lang,58,0,1200,90.0
DS,1200,Lang,58,1,1200,90.0
DS,1200,Lang,58,2,1200,90.0
DS,1200,Lang,58,3,1200,90.0
DS,1200,Lang,58,4,1200,90.0
DS,1200,Lang,59,0,1200,98.92
DS,1200,Lang,59,1,1200,98.92
DS,1200,Lang,59,2,1200,98.92
DS,1200,Lang,59,3,1200,98.92
DS,1200,Lang,59,4,1200,98.92
DS,1200,Lang,60,0,1200,98.92
DS,1200,Lang,60,1,1200,98.92
DS,1200,Lang,60,2,1200,98.92
DS,1200,Lang,60,3,1200,98.92
DS,1200,Lang,60,4,1200,98.92
DS,1200,Lang,61,0,1200,98.92
DS,1200,Lang,61,1,1200,98.92
DS,1200,Lang,61,2,1200,98.92
DS,1200,Lang,61,3,1200,98.92
DS,1200,Lang,61,4,1200,98.92
DS,1200,Lang,62,0,1200,84.04
DS,1200,Lang,62,1,1200,84.04
DS,1200,Lang,62,2,1200,84.04
DS,1200,Lang,62,3,1200,84.04
DS,1200,Lang,62,4,1200,84.04
DS,1200,Lang,63,0,1200,88.72
DS,1200,Lang,63,1,1200,88.72
DS,1200,Lang,63,2,1200,88.72
DS,1200,Lang,63,3,1200,88.72
DS,1200,Lang,63,4,1200,88.72
DS,1200,Lang,64,0,1200,0.0
DS,1200,Lang,64,1,1200,0.0
DS,1200,Lang,64,2,1200,0.0
DS,1200,Lang,64,3,1200,0.0
DS,1200,Lang,64,4,1200,0.0
DS,1200,Lang,65,0,1200,89.71
DS,1200,Lang,65,1,1200,89.71
DS,1200,Lang,65,2,1200,89.71
DS,1200,Lang,65,3,1200,89.71
DS,1200,Lang,65,4,1200,89.71
DS,1200,Math,1,0,1200,86.0
DS,1200,Math,1,1,1200,88.5
DS,1200,Math,1,2,1200,90.0
DS,1200,Math,1,3,1200,57.5
DS,1200,Math,1,4,1200,90.5
DS,1200,Math,2,0,1200,96.15
DS,1200,Math,2,1,1200,100.0
DS,1200,Math,2,2,1200,100.0
DS,1200,Math,2,3,1200,88.46
DS,1200,Math,2,4,1200,100.0
DS,1200,Math,3,0,1200,76.27
DS,1200,Math,3,1,1200,76.27
DS,1200,Math,3,2,1200,0.0
DS,1200,Math,3,3,1200,76.27
DS,1200,Math,3,4,1200,0.0
DS,1200,Math,4,0,1200,95.83
DS,1200,Math,4,1,1200,95.83
DS,1200,Math,4,2,1200,97.92
DS,1200,Math,4,3,1200,97.92
DS,1200,Math,4,4,1200,97.92
DS,1200,Math,5,0,1200,90.59
DS,1200,Math,5,1,1200,90.59
DS,1200,Math,5,2,1200,90.59
DS,1200,Math,5,3,1200,90.59
DS,1200,Math,5,4,1200,90.59
DS,1200,Math,6,0,1200,80.58
DS,1200,Math,6,1,1200,80.41
DS,1200,Math,6,2,1200,80.58
DS,1200,Math,6,3,1200,0.0
DS,1200,Math,6,4,1200,80.41
DS,1200,Math,7,0,1200,96.55
DS,1200,Math,7,1,1200,96.55
DS,1200,Math,7,2,1200,63.79
DS,1200,Math,7,3,1200,0.0
DS,1200,Math,7,4,1200,0.0
DS,1200,Math,8,0,1200,0.0
DS,1200,Math,8,1,1200,0.0
DS,1200,Math,8,2,1200,0.0
DS,1200,Math,8,3,1200,0.0
DS,1200,Math,8,4,1200,0.0
DS,1200,Math,9,0,1200,75.0
DS,1200,Math,9,1,1200,75.0
DS,1200,Math,9,2,1200,87.5
DS,1200,Math,9,3,1200,87.5
DS,1200,Math,9,4,1200,87.5
DS,1200,Math,10,0,1200,99.3
DS,1200,Math,10,1,1200,99.3
DS,1200,Math,10,2,1200,99.3
DS,1200,Math,10,3,1200,99.3
DS,1200,Math,10,4,1200,99.3
DS,1200,Math,11,0,1200,78.57
DS,1200,Math,11,1,1200,78.57
DS,1200,Math,11,2,1200,78.57
DS,1200,Math,11,3,1200,78.57
DS,1200,Math,11,4,1200,78.57
DS,1200,Math,12,0,1200,0.0
DS,1200,Math,12,1,1200,100.0
DS,1200,Math,12,2,1200,100.0
DS,1200,Math,12,3,1200,100.0
DS,1200,Math,12,4,1200,0.0
DS,1200,Math,13,0,1200,90.91
DS,1200,Math,13,1,1200,90.91
DS,1200,Math,13,2,1200,90.91
DS,1200,Math,13,3,1200,90.91
DS,1200,Math,13,4,1200,90.91
DS,1200,Math,14,0,1200,75.0
DS,1200,Math,14,1,1200,75.0
DS,1200,Math,14,2,1200,75.0
DS,1200,Math,14,3,1200,75.0
DS,1200,Math,14,4,1200,75.0
DS,1200,Math,15,0,1200,7.27
DS,1200,Math,15,1,1200,93.48
DS,1200,Math,15,2,1200,93.48
DS,1200,Math,15,3,1200,0.0
DS,1200,Math,15,4,1200,93.98
DS,1200,Math,16,0,1200,28.45
DS,1200,Math,16,1,1200,93.98
DS,1200,Math,16,2,1200,93.48
DS,1200,Math,16,3,1200,0.0
DS,1200,Math,16,4,1200,93.98
DS,1200,Math,17,0,1200,83.42
DS,1200,Math,17,1,1200,83.42
DS,1200,Math,17,2,1200,0.0
DS,1200,Math,17,3,1200,83.42
DS,1200,Math,17,4,1200,83.42
DS,1200,Math,21,0,1200,100.0
DS,1200,Math,21,1,1200,100.0
DS,1200,Math,21,2,1200,92.86
DS,1200,Math,21,3,1200,92.86
DS,1200,Math,21,4,1200,100.0
DS,1200,Math,22,0,1200,100.0
DS,1200,Math,22,1,1200,100.0
DS,1200,Math,22,2,1200,100.0
DS,1200,Math,22,3,1200,100.0
DS,1200,Math,22,4,1200,100.0
DS,1200,Math,23,0,1200,94.59
DS,1200,Math,23,1,1200,94.59
DS,1200,Math,23,2,1200,98.65
DS,1200,Math,23,3,1200,98.65
DS,1200,Math,23,4,1200,98.65
DS,1200,Math,24,0,1200,94.59
DS,1200,Math,24,1,1200,93.24
DS,1200,Math,24,2,1200,98.65
DS,1200,Math,24,3,1200,98.65
DS,1200,Math,24,4,1200,98.65
DS,1200,Math,25,0,1200,70.0
DS,1200,Math,25,1,1200,90.0
DS,1200,Math,25,2,1200,93.33
DS,1200,Math,25,3,1200,96.67
DS,1200,Math,25,4,1200,96.67
DS,1200,Math,26,0,1200,90.43
DS,1200,Math,26,1,1200,90.43
DS,1200,Math,26,2,1200,0.0
DS,1200,Math,26,3,1200,90.43
DS,1200,Math,26,4,1200,0.0
DS,1200,Math,27,0,1200,92.55
DS,1200,Math,27,1,1200,92.55
DS,1200,Math,27,2,1200,92.55
DS,1200,Math,27,3,1200,92.55
DS,1200,Math,27,4,1200,92.55
DS,1200,Math,28,0,1200,98.08
DS,1200,Math,28,1,1200,98.08
DS,1200,Math,28,2,1200,98.08
DS,1200,Math,28,3,1200,98.08
DS,1200,Math,28,4,1200,98.08
DS,1200,Math,29,0,1200,88.19
DS,1200,Math,29,1,1200,88.19
DS,1200,Math,29,2,1200,88.19
DS,1200,Math,29,3,1200,88.19
DS,1200,Math,29,4,1200,84.03
DS,1200,Math,30,0,1200,100.0
DS,1200,Math,30,1,1200,100.0
DS,1200,Math,30,2,1200,100.0
DS,1200,Math,30,3,1200,100.0
DS,1200,Math,30,4,1200,100.0
DS,1200,Math,31,0,1200,56.25
DS,1200,Math,31,1,1200,56.25
DS,1200,Math,31,2,1200,56.25
DS,1200,Math,31,3,1200,56.25
DS,1200,Math,31,4,1200,56.25
DS,1200,Math,32,0,1200,57.32
DS,1200,Math,32,1,1200,70.73
DS,1200,Math,32,2,1200,57.32
DS,1200,Math,32,3,1200,57.32
DS,1200,Math,32,4,1200,57.32
DS,1200,Math,33,0,1200,91.13
DS,1200,Math,33,1,1200,82.26
DS,1200,Math,33,2,1200,91.13
DS,1200,Math,33,3,1200,91.13
DS,1200,Math,33,4,1200,82.26
DS,1200,Math,34,0,1200,45.45
DS,1200,Math,34,1,1200,45.45
DS,1200,Math,34,2,1200,45.45
DS,1200,Math,34,3,1200,45.45
DS,1200,Math,34,4,1200,45.45
DS,1200,Math,35,0,1200,100.0
DS,1200,Math,35,1,1200,100.0
DS,1200,Math,35,2,1200,100.0
DS,1200,Math,35,3,1200,100.0
DS,1200,Math,35,4,1200,100.0
DS,1200,Math,36,0,1200,89.58
DS,1200,Math,36,1,1200,89.58
DS,1200,Math,36,2,1200,89.58
DS,1200,Math,36,3,1200,89.58
DS,1200,Math,36,4,1200,89.58
DS,1200,Math,37,0,1200,70.59
DS,1200,Math,37,1,1200,88.24
DS,1200,Math,37,2,1200,50.59
DS,1200,Math,37,3,1200,86.47
DS,1200,Math,37,4,1200,86.47
DS,1200,Math,39,0,1200,0.0
DS,1200,Math,39,1,1200,72.22
DS,1200,Math,39,2,1200,0.0
DS,1200,Math,39,3,1200,0.0
DS,1200,Math,39,4,1200,0.0
DS,1200,Math,40,0,1200,98.48
DS,1200,Math,40,1,1200,98.48
DS,1200,Math,40,2,1200,98.48
DS,1200,Math,40,3,1200,98.48
DS,1200,Math,40,4,1200,98.48
DS,1200,Math,41,0,1200,69.57
DS,1200,Math,41,1,1200,69.57
DS,1200,Math,41,2,1200,69.57
DS,1200,Math,41,3,1200,69.57
DS,1200,Math,41,4,1200,69.57
DS,1200,Math,42,0,1200,90.32
DS,1200,Math,42,1,1200,90.32
DS,1200,Math,42,2,1200,90.32
DS,1200,Math,42,3,1200,90.32
DS,1200,Math,42,4,1200,90.32
DS,1200,Math,43,0,1200,65.52
DS,1200,Math,43,1,1200,65.52
DS,1200,Math,43,2,1200,65.52
DS,1200,Math,43,3,1200,65.52
DS,1200,Math,43,4,1200,65.52
DS,1200,Math,44,0,1200,0.0
DS,1200,Math,44,1,1200,0.0
DS,1200,Math,44,2,1200,0.0
DS,1200,Math,44,3,1200,0.0
DS,1200,Math,44,4,1200,0.0
DS,1200,Math,45,0,1200,79.17
DS,1200,Math,45,1,1200,0.0
DS,1200,Math,45,2,1200,0.0
DS,1200,Math,45,3,1200,79.17
DS,1200,Math,45,4,1200,0.0
DS,1200,Math,46,0,1200,89.58
DS,1200,Math,46,1,1200,70.14
DS,1200,Math,46,2,1200,89.58
DS,1200,Math,46,3,1200,89.58
DS,1200,Math,46,4,1200,89.58
DS,1200,Math,47,0,1200,77.7
DS,1200,Math,47,1,1200,75.68
DS,1200,Math,47,2,1200,89.19
DS,1200,Math,47,3,1200,89.19
DS,1200,Math,47,4,1200,89.19
DS,1200,Math,48,0,1200,41.67
DS,1200,Math,48,1,1200,41.67
DS,1200,Math,48,2,1200,43.75
DS,1200,Math,48,3,1200,41.67
DS,1200,Math,48,4,1200,43.75
DS,1200,Math,49,0,1200,75.66
DS,1200,Math,49,1,1200,75.66
DS,1200,Math,49,2,1200,66.45
DS,1200,Math,49,3,1200,75.66
DS,1200,Math,49,4,1200,75.66
DS,1200,Math,50,0,1200,43.48
DS,1200,Math,50,1,1200,43.48
DS,1200,Math,50,2,1200,43.48
DS,1200,Math,50,3,1200,45.65
DS,1200,Math,50,4,1200,45.65
DS,1200,Math,51,0,1200,41.67
DS,1200,Math,51,1,1200,43.75
DS,1200,Math,51,2,1200,41.67
DS,1200,Math,51,3,1200,43.75
DS,1200,Math,51,4,1200,43.75
DS,1200,Math,52,0,1200,95.08
DS,1200,Math,52,1,1200,95.08
DS,1200,Math,52,2,1200,95.08
DS,1200,Math,52,3,1200,95.08
DS,1200,Math,52,4,1200,95.08
DS,1200,Math,53,0,1200,73.73
DS,1200,Math,53,1,1200,80.51
DS,1200,Math,53,2,1200,93.22
DS,1200,Math,53,3,1200,93.22
DS,1200,Math,53,4,1200,93.22
DS,1200,Math,54,0,1200,86.43
DS,1200,Math,54,1,1200,86.43
DS,1200,Math,54,2,1200,86.43
DS,1200,Math,54,3,1200,86.43
DS,1200,Math,54,4,1200,86.43
DS,1200,Math,55,0,1200,64.0
DS,1200,Math,55,1,1200,52.0
DS,1200,Math,55,2,1200,60.0
DS,1200,Math,55,3,1200,66.0
DS,1200,Math,55,4,1200,64.0
DS,1200,Math,56,0,1200,40.62
DS,1200,Math,56,1,1200,40.62
DS,1200,Math,56,2,1200,40.62
DS,1200,Math,56,3,1200,40.62
DS,1200,Math,56,4,1200,40.62
DS,1200,Math,57,0,1200,88.89
DS,1200,Math,57,1,1200,88.89
DS,1200,Math,57,2,1200,88.89
DS,1200,Math,57,3,1200,88.89
DS,1200,Math,57,4,1200,88.89
DS,1200,Math,58,0,1200,55.17
DS,1200,Math,58,1,1200,55.17
DS,1200,Math,58,2,1200,55.17
DS,1200,Math,58,3,1200,55.17
DS,1200,Math,58,4,1200,55.17
DS,1200,Math,59,0,1200,66.56
DS,1200,Math,59,1,1200,30.98
DS,1200,Math,59,2,1200,66.56
DS,1200,Math,59,3,1200,30.98
DS,1200,Math,59,4,1200,30.98
DS,1200,Math,60,1,1200,83.33
DS,1200,Math,60,2,1200,83.33
DS,1200,Math,60,3,1200,83.33
DS,1200,Math,60,4,1200,83.33
DS,1200,Math,61,0,1200,83.33
DS,1200,Math,61,1,1200,83.33
DS,1200,Math,61,2,1200,83.33
DS,1200,Math,61,3,1200,83.33
DS,1200,Math,61,4,1200,83.33
DS,1200,Math,62,0,1200,0.0
DS,1200,Math,62,1,1200,0.0
DS,1200,Math,62,2,1200,0.0
DS,1200,Math,62,3,1200,0.0
DS,1200,Math,62,4,1200,0.0
DS,1200,Math,63,0,1200,88.74
DS,1200,Math,63,1,1200,88.74
DS,1200,Math,63,2,1200,88.74
DS,1200,Math,63,3,1200,88.74
DS,1200,Math,63,4,1200,88.74
DS,1200,Math,64,0,1200,91.18
DS,1200,Math,64,1,1200,91.18
DS,1200,Math,64,2,1200,91.18
DS,1200,Math,64,3,1200,91.18
DS,1200,Math,64,4,1200,91.18
DS,1200,Math,65,0,1200,82.14
DS,1200,Math,65,1,1200,82.14
DS,1200,Math,65,2,1200,82.14
DS,1200,Math,65,3,1200,82.14
DS,1200,Math,65,4,1200,82.14
DS,1200,Math,66,0,1200,0.0
DS,1200,Math,66,1,1200,0.0
DS,1200,Math,66,2,1200,0.0
DS,1200,Math,66,3,1200,0.0
DS,1200,Math,66,4,1200,0.0
DS,1200,Math,67,0,1200,50.0
DS,1200,Math,67,1,1200,50.0
DS,1200,Math,67,2,1200,50.0
DS,1200,Math,67,3,1200,50.0
DS,1200,Math,67,4,1200,50.0
DS,1200,Math,68,0,1200,91.0
DS,1200,Math,68,1,1200,91.0
DS,1200,Math,68,2,1200,91.0
DS,1200,Math,68,3,1200,91.0
DS,1200,Math,68,4,1200,91.0
DS,1200,Math,69,0,1200,0.0
DS,1200,Math,69,1,1200,0.0
DS,1200,Math,69,2,1200,0.0
DS,1200,Math,69,3,1200,0.0
DS,1200,Math,69,4,1200,0.0
DS,1200,Math,70,0,1200,0.0
DS,1200,Math,70,1,1200,0.0
DS,1200,Math,70,2,1200,0.0
DS,1200,Math,70,3,1200,0.0
DS,1200,Math,70,4,1200,0.0
DS,1200,Math,71,0,1200,0.0
DS,1200,Math,71,1,1200,0.0
DS,1200,Math,71,2,1200,0.0
DS,1200,Math,71,3,1200,0.0
DS,1200,Math,71,4,1200,0.0
DS,1200,Math,72,0,1200,0.0
DS,1200,Math,72,1,1200,87.04
DS,1200,Math,72,2,1200,87.04
DS,1200,Math,72,3,1200,0.0
DS,1200,Math,72,4,1200,87.04
DS,1200,Math,73,0,1200,85.19
DS,1200,Math,73,1,1200,85.19
DS,1200,Math,73,2,1200,0.0
DS,1200,Math,73,3,1200,85.19
DS,1200,Math,73,4,1200,85.19
DS,1200,Math,74,0,1200,94.83
DS,1200,Math,74,1,1200,94.83
DS,1200,Math,74,2,1200,94.83
DS,1200,Math,74,3,1200,94.83
DS,1200,Math,74,4,1200,94.83
DS,1200,Math,75,0,1200,77.08
DS,1200,Math,75,1,1200,77.08
DS,1200,Math,75,2,1200,77.08
DS,1200,Math,75,3,1200,77.08
DS,1200,Math,75,4,1200,77.08
DS,1200,Math,76,0,1200,91.38
DS,1200,Math,76,1,1200,91.38
DS,1200,Math,76,2,1200,91.38
DS,1200,Math,76,3,1200,91.38
DS,1200,Math,76,4,1200,91.38
DS,1200,Math,77,0,1200,53.27
DS,1200,Math,77,1,1200,53.27
DS,1200,Math,77,2,1200,53.27
DS,1200,Math,77,3,1200,53.27
DS,1200,Math,77,4,1200,53.27
DS,1200,Math,78,0,1200,63.33
DS,1200,Math,78,1,1200,45.0
DS,1200,Math,78,2,1200,0.0
DS,1200,Math,78,3,1200,0.0
DS,1200,Math,78,4,1200,63.33
DS,1200,Math,79,0,1200,97.1
DS,1200,Math,79,1,1200,97.1
DS,1200,Math,79,2,1200,97.1
DS,1200,Math,79,3,1200,97.1
DS,1200,Math,79,4,1200,0.87
DS,1200,Math,80,0,1200,81.16
DS,1200,Math,80,1,1200,81.16
DS,1200,Math,80,2,1200,81.16
DS,1200,Math,80,3,1200,81.16
DS,1200,Math,80,4,1200,81.16
DS,1200,Math,81,0,1200,80.92
DS,1200,Math,81,1,1200,80.92
DS,1200,Math,81,2,1200,80.92
DS,1200,Math,81,3,1200,80.92
DS,1200,Math,81,4,1200,80.92
DS,1200,Math,82,0,1200,94.44
DS,1200,Math,82,1,1200,94.44
DS,1200,Math,82,2,1200,94.44
DS,1200,Math,82,3,1200,94.44
DS,1200,Math,82,4,1200,94.44
DS,1200,Math,83,0,1200,88.3
DS,1200,Math,83,1,1200,88.3
DS,1200,Math,83,2,1200,88.3
DS,1200,Math,83,3,1200,88.3
DS,1200,Math,83,4,1200,88.3
DS,1200,Math,84,1,1200,100.0
DS,1200,Math,84,2,1200,100.0
DS,1200,Math,84,3,1200,100.0
DS,1200,Math,84,4,1200,100.0
DS,1200,Math,85,0,1200,81.82
DS,1200,Math,85,1,1200,81.82
DS,1200,Math,85,2,1200,81.82
DS,1200,Math,85,3,1200,81.82
DS,1200,Math,85,4,1200,81.82
DS,1200,Math,86,0,1200,81.67
DS,1200,Math,86,1,1200,81.67
DS,1200,Math,86,2,1200,81.67
DS,1200,Math,86,3,1200,81.67
DS,1200,Math,86,4,1200,81.67
DS,1200,Math,87,0,1200,86.96
DS,1200,Math,87,1,1200,86.96
DS,1200,Math,87,2,1200,86.96
DS,1200,Math,87,3,1200,86.96
DS,1200,Math,87,4,1200,86.96
DS,1200,Math,88,0,1200,87.78
DS,1200,Math,88,1,1200,87.78
DS,1200,Math,88,2,1200,87.78
DS,1200,Math,88,3,1200,87.78
DS,1200,Math,88,4,1200,87.78
DS,1200,Math,89,0,1200,0.0
DS,1200,Math,89,1,1200,0.0
DS,1200,Math,89,2,1200,94.12
DS,1200,Math,89,3,1200,94.12
DS,1200,Math,89,4,1200,94.12
DS,1200,Math,90,0,1200,96.88
DS,1200,Math,90,1,1200,96.88
DS,1200,Math,90,2,1200,96.88
DS,1200,Math,90,3,1200,96.88
DS,1200,Math,90,4,1200,96.88
DS,1200,Math,91,0,1200,87.78
DS,1200,Math,91,1,1200,87.78
DS,1200,Math,91,2,1200,87.78
DS,1200,Math,91,3,1200,87.78
DS,1200,Math,91,4,1200,87.78
DS,1200,Math,92,0,1200,86.67
DS,1200,Math,92,1,1200,86.67
DS,1200,Math,92,2,1200,0.0
DS,1200,Math,92,3,1200,86.67
DS,1200,Math,92,4,1200,86.67
DS,1200,Math,93,0,1200,0.0
DS,1200,Math,93,1,1200,86.55
DS,1200,Math,93,2,1200,86.55
DS,1200,Math,93,3,1200,86.55
DS,1200,Math,93,4,1200,86.55
DS,1200,Math,94,0,1200,86.64
DS,1200,Math,94,1,1200,86.64
DS,1200,Math,94,2,1200,86.64
DS,1200,Math,94,3,1200,86.64
DS,1200,Math,94,4,1200,86.64
DS,1200,Math,95,0,1200,0.0
DS,1200,Math,95,1,1200,91.67
DS,1200,Math,95,2,1200,0.0
DS,1200,Math,95,3,1200,0.0
DS,1200,Math,95,4,1200,0.0
DS,1200,Math,96,0,1200,94.12
DS,1200,Math,96,1,1200,94.12
DS,1200,Math,96,2,1200,94.12
DS,1200,Math,96,3,1200,94.12
DS,1200,Math,96,4,1200,94.12
DS,1200,Math,97,0,1200,83.33
DS,1200,Math,97,1,1200,83.33
DS,1200,Math,97,2,1200,83.33
DS,1200,Math,97,3,1200,83.33
DS,1200,Math,97,4,1200,83.33
DS,1200,Math,98,0,1200,83.39
DS,1200,Math,98,1,1200,83.39
DS,1200,Math,98,2,1200,83.39
DS,1200,Math,98,3,1200,83.39
DS,1200,Math,98,4,1200,83.39
DS,1200,Math,99,0,1200,94.22
DS,1200,Math,99,1,1200,94.22
DS,1200,Math,99,2,1200,94.22
DS,1200,Math,99,3,1200,94.22
DS,1200,Math,99,4,1200,0.0
DS,1200,Math,102,0,1200,81.52
DS,1200,Math,102,1,1200,79.35
DS,1200,Math,102,2,1200,72.83
DS,1200,Math,102,3,1200,81.52
DS,1200,Math,102,4,1200,82.61
DS,1200,Math,103,0,1200,72.22
DS,1200,Math,103,1,1200,72.22
DS,1200,Math,103,2,1200,72.22
DS,1200,Math,103,3,1200,72.22
DS,1200,Math,103,4,1200,72.22
DS,1200,Math,104,0,1200,92.5
DS,1200,Math,104,1,1200,92.5
DS,1200,Math,104,2,1200,92.5
DS,1200,Math,104,3,1200,92.5
DS,1200,Math,104,4,1200,92.5
DS,1200,Math,105,0,1200,94.44
DS,1200,Math,105,1,1200,94.44
DS,1200,Math,105,2,1200,94.44
DS,1200,Math,105,3,1200,94.44
DS,1200,Math,105,4,1200,94.44
DS,1200,Math,106,0,1200,57.89
DS,1200,Math,106,1,1200,57.89
DS,1200,Math,106,2,1200,57.89
DS,1200,Math,106,3,1200,57.89
DS,1200,Math,106,4,1200,57.89
DS,1200,Time,1,0,1200,89.34
DS,1200,Time,1,1,1200,89.34
DS,1200,Time,1,2,1200,89.34
DS,1200,Time,1,3,1200,89.34
DS,1200,Time,1,4,1200,89.34
DS,1200,Time,2,0,1200,88.14
DS,1200,Time,2,1,1200,88.14
DS,1200,Time,2,2,1200,88.14
DS,1200,Time,2,3,1200,88.14
DS,1200,Time,2,4,1200,88.14
DS,1200,Time,3,0,1200,93.65
DS,1200,Time,3,1,1200,79.37
DS,1200,Time,3,2,1200,93.65
DS,1200,Time,3,3,1200,93.65
DS,1200,Time,3,4,1200,93.65
DS,1200,Time,4,0,1200,97.17
DS,1200,Time,4,1,1200,97.17
DS,1200,Time,4,2,1200,97.17
DS,1200,Time,4,3,1200,97.17
DS,1200,Time,4,4,1200,97.17
DS,1200,Time,5,0,1200,100.0
DS,1200,Time,5,1,1200,100.0
DS,1200,Time,5,2,1200,100.0
DS,1200,Time,5,3,1200,100.0
DS,1200,Time,5,4,1200,100.0
DS,1200,Time,6,0,1200,43.96
DS,1200,Time,6,1,1200,43.96
DS,1200,Time,6,2,1200,43.96
DS,1200,Time,6,3,1200,43.96
DS,1200,Time,6,4,1200,43.96
DS,1200,Time,7,0,1200,81.82
DS,1200,Time,7,1,1200,81.82
DS,1200,Time,7,2,1200,81.82
DS,1200,Time,7,3,1200,81.82
DS,1200,Time,7,4,1200,81.82
DS,1200,Time,8,0,1200,57.69
DS,1200,Time,8,1,1200,57.69
DS,1200,Time,8,2,1200,57.69
DS,1200,Time,8,3,1200,57.69
DS,1200,Time,8,4,1200,57.69
DS,1200,Time,9,0,1200,57.3
DS,1200,Time,9,1,1200,57.3
DS,1200,Time,9,2,1200,57.3
DS,1200,Time,9,3,1200,57.3
DS,1200,Time,9,4,1200,57.3
DS,1200,Time,10,0,1200,97.83
DS,1200,Time,10,1,1200,97.83
DS,1200,Time,10,2,1200,97.83
DS,1200,Time,10,3,1200,97.83
DS,1200,Time,10,4,1200,97.83
DS,1200,Time,11,0,1200,62.18
DS,1200,Time,11,1,1200,62.18
DS,1200,Time,11,2,1200,62.18
DS,1200,Time,11,3,1200,62.18
DS,1200,Time,11,4,1200,62.18
DS,1200,Time,12,0,1200,90.57
DS,1200,Time,12,1,1200,90.57
DS,1200,Time,12,2,1200,90.57
DS,1200,Time,12,3,1200,90.57
DS,1200,Time,12,4,1200,90.57
DS,1200,Time,13,0,1200,78.17
DS,1200,Time,13,1,1200,78.38
DS,1200,Time,13,2,1200,78.38
DS,1200,Time,13,3,1200,78.38
DS,1200,Time,13,4,1200,78.38
DS,1200,Time,14,0,1200,67.31
DS,1200,Time,14,1,1200,67.31
DS,1200,Time,14,2,1200,67.31
DS,1200,Time,14,3,1200,67.31
DS,1200,Time,14,4,1200,67.31
DS,1200,Time,15,0,1200,80.56
DS,1200,Time,15,1,1200,80.56
DS,1200,Time,15,2,1200,80.56
DS,1200,Time,15,3,1200,80.56
DS,1200,Time,15,4,1200,80.56
DS,1200,Time,16,0,1200,81.82
DS,1200,Time,16,1,1200,81.82
DS,1200,Time,16,2,1200,81.82
DS,1200,Time,16,3,1200,81.82
DS,1200,Time,16,4,1200,81.82
DS,1200,Time,17,0,1200,57.06
DS,1200,Time,17,1,1200,57.06
DS,1200,Time,17,2,1200,57.06
DS,1200,Time,17,3,1200,57.06
DS,1200,Time,17,4,1200,57.06
DS,1200,Time,18,0,1200,46.84
DS,1200,Time,18,1,1200,46.84
DS,1200,Time,18,2,1200,46.84
DS,1200,Time,18,3,1200,46.84
DS,1200,Time,18,4,1200,46.84
DS,1200,Time,19,0,1200,54.94
DS,1200,Time,19,1,1200,54.94
DS,1200,Time,19,2,1200,54.94
DS,1200,Time,19,3,1200,54.94
DS,1200,Time,19,4,1200,54.94
DS,1200,Time,20,0,1200,65.55
DS,1200,Time,20,1,1200,65.55
DS,1200,Time,20,2,1200,65.55
DS,1200,Time,20,3,1200,65.55
DS,1200,Time,20,4,1200,65.55
DS,1200,Time,22,0,1200,94.83
DS,1200,Time,22,1,1200,94.83
DS,1200,Time,22,2,1200,94.83
DS,1200,Time,22,3,1200,94.83
DS,1200,Time,22,4,1200,94.83
DS,1200,Time,23,0,1200,54.94
DS,1200,Time,23,1,1200,54.94
DS,1200,Time,23,2,1200,54.94
DS,1200,Time,23,3,1200,54.94
DS,1200,Time,23,4,1200,54.94
DS,1200,Time,24,0,1200,85.71
DS,1200,Time,24,1,1200,85.71
DS,1200,Time,24,2,1200,85.71
DS,1200,Time,24,3,1200,85.71
DS,1200,Time,24,4,1200,85.71
DS,1200,Time,25,0,1200,53.8
DS,1200,Time,25,1,1200,53.8
DS,1200,Time,25,2,1200,53.8
DS,1200,Time,25,3,1200,53.8
DS,1200,Time,25,4,1200,53.8
DS,1200,Time,26,0,1200,56.61
DS,1200,Time,26,1,1200,56.61
DS,1200,Time,26,2,1200,56.61
DS,1200,Time,26,3,1200,56.61
DS,1200,Time,26,4,1200,56.61
DS,1200,Time,27,0,1200,77.78
DS,1200,Time,27,1,1200,77.78
DS,1200,Time,27,2,1200,77.78
DS,1200,Time,27,3,1200,77.78
DS,1200,Time,27,4,1200,77.78
